{
  "employees": [
    {
      "id": 2,
      "employee_name": "Benny",
      "employee_salary": 1000,
      "employee_age": "50"
    },
    {
      "id": 3,
      "employee_name": "ajith",
      "employee_salary": 10000,
      "employee_age": 22
    },
    {
      "id": 6,
      "employee_name": "Tony",
      "employee_salary": 10000000,
      "employee_age": 50
    },
    {
      "id": 1,
      "employee_name": "Navshad",
      "employee_salary": "120000",
      "employee_age": "23"
    }
  ]
}